ID,Time,# of Nodes,Out Degree,Node Activity,MPC,Violations
1,3 : 50.959,100,0.031818181818181815,0.10775510204081633,0.10059701492537314,4
